pantone,hex
100-c,#f6eb61
101-c,#f7ea48
102-c,#fce300
103-c,#c5a900
104-c,#af9800
105-c,#897a27
7401-c,#f5e1a4
7402-c,#ecd898
7403-c,#eed484
7404-c,#f4da40
7405-c,#f2cd00
7406-c,#f1c400
7407-c,#cba052
106-c,#f9e547
107-c,#fbe122
108-c,#fedb00
109-c,#ffd100
110-c,#daaa00
111-c,#aa8a00
112-c,#9c8412
113-c,#fae053
114-c,#fbdd40
115-c,#fdda24
116-c,#ffcd00
117-c,#c99700
118-c,#ac8400
119-c,#897322
127-c,#f3dd6d
128-c,#f3d54e
129-c,#f3d03e
130-c,#f2a900
131-c,#cc8a00
132-c,#a07400
133-c,#6c571b
1205-c,#f8e08e
1215-c,#fbd872
1225-c,#ffc845
1235-c,#ffb81c
1245-c,#c69214
1255-c,#ad841f
1265-c,#886b25
120-c,#fbdb65
121-c,#fdd757
122-c,#fed141
123-c,#ffc72c
124-c,#eaaa00
125-c,#b58500
126-c,#9a7611
7548-c,#ffc600
7549-c,#ffb500
7550-c,#d19000
7551-c,#b47e00
7552-c,#73531d
7553-c,#5a4522
7554-c,#4b3d2a
7555-c,#d29f13
7556-c,#b78b20
7557-c,#9f7d23
7558-c,#967126
7559-c,#8f6a2a
7560-c,#7d622e
7561-c,#6c5d34
134-c,#fdd26e
135-c,#ffc658
136-c,#ffbf3f
137-c,#ffa300
138-c,#de7c00
139-c,#af6d04
140-c,#74531c
1345-c,#fdd086
1355-c,#ffc56e
1365-c,#ffb549
1375-c,#ff9e1b
1385-c,#d57800
1395-c,#996017
1405-c,#6e4c1e
141-c,#f2c75c
142-c,#f1be48
143-c,#f1b434
144-c,#ed8b00
145-c,#cf7f00
146-c,#a76d11
147-c,#715c2a
7408-c,#f6be00
7409-c,#f0b323
7410-c,#fead77
7411-c,#e6a65d
7412-c,#d38235
7413-c,#dc8633
7414-c,#c16c18
7562-c,#bd9b60
7563-c,#d69a2d
7564-c,#db8a06
7565-c,#cd7925
7566-c,#ad6433
7567-c,#89532f
7568-c,#775135
7569-c,#d78825
7570-c,#d3832b
7571-c,#c67d30
7572-c,#b67233
7573-c,#a7662b
7574-c,#9e6a38
7575-c,#835d32
712-c,#fcc89b
713-c,#fdbe87
714-c,#fdaa63
715-c,#f68d2e
716-c,#ea7600
717-c,#d45d00
718-c,#be4d00
148-c,#fecb8b
149-c,#ffc27b
150-c,#ffb25b
151-c,#ff8200
152-c,#e57200
153-c,#be6a14
154-c,#9b5a1a
155-c,#efd19f
156-c,#efbe7d
157-c,#eca154
158-c,#e87722
159-c,#cb6015
160-c,#a1561c
161-c,#603d20
1485-c,#ffae62
1495-c,#ff8f1c
1505-c,#ff6900
1525-c,#b94700
1535-c,#94450b
1545-c,#653819
1555-c,#ffb990
1565-c,#ffa06a
1575-c,#ff7f32
1585-c,#ff6a13
1595-c,#d86018
1605-c,#a65523
1615-c,#8b4720
162-c,#ffbe9f
163-c,#ff9d6e
164-c,#ff7f41
165-c,#ff671f
166-c,#e35205
167-c,#be531c
168-c,#73381d
7576-c,#db864e
7577-c,#e07e3c
7578-c,#dc6b2f
7579-c,#dc582a
7580-c,#c05131
7581-c,#864a33
7582-c,#674736
1625-c,#ffa38b
1635-c,#ff8d6d
1645-c,#ff6a39
1655-c,#fc4c02
1665-c,#dc4405
1675-c,#a9431e
1685-c,#833921
169-c,#ffb3ab
170-c,#ff8674
171-c,#ff5c39
172-c,#fa4616
173-c,#cf4520
174-c,#963821
175-c,#6b3529
7583-c,#c4622d
7584-c,#ba5826
7585-c,#af5c37
7586-c,#9e5330
7587-c,#924c2e
7588-c,#7b4d35
7589-c,#5c4738
7590-c,#d4b59e
7591-c,#c07d59
7592-c,#b15533
7593-c,#9d432c
7594-c,#7c3a2d
7595-c,#6b3d2e
7596-c,#5c3d31
7597-c,#d14124
7598-c,#bd472a
7599-c,#b33d26
7600-c,#8d3f2b
7601-c,#83412c
7602-c,#7b4931
7603-c,#674230
7604-c,#e4d5d3
7605-c,#e1bbb4
7606-c,#d6938a
7607-c,#c26e60
7608-c,#a4493d
7609-c,#823b34
7610-c,#683431
7611-c,#ddbcb0
7612-c,#ca9a8e
7613-c,#bc8a7e
7614-c,#a37f74
7615-c,#866761
7616-c,#6b4c4c
7617-c,#583d3e
7520-c,#eabeb0
7521-c,#c09c83
7522-c,#b46a55
7523-c,#ab5c57
7524-c,#a45248
7525-c,#9a6a4f
7526-c,#8a391b
489-c,#ecc3b2
488-c,#ecbaa8
487-c,#eaa794
486-c,#e8927c
485-c,#da291c
484-c,#9a3324
483-c,#653024
176-c,#ffb1bb
177-c,#ff808b
178-c,#ff585d
179-c,#e03c31
180-c,#be3a34
181-c,#81312f
1765-c,#ffa3b5
1775-c,#ff8da1
1785-c,#f8485e
1788-c,#ee2737
1795-c,#d22630
1805-c,#af272f
1815-c,#7c2529
1767-c,#fcafc0
1777-c,#fb637e
1787-c,#f4364c
1797-c,#cb333b
1807-c,#a4343a
1817-c,#643335
7618-c,#c66e4e
7619-c,#c04c36
7620-c,#b7312c
7621-c,#ab2328
7622-c,#93272c
7623-c,#8a2a2b
7624-c,#802f2d
7625-c,#e1523d
7626-c,#c63527
7627-c,#a72b2a
7628-c,#9e2a2b
7629-c,#6d3332
7630-c,#633231
7631-c,#572d2d
7415-c,#e6baa8
7416-c,#e56a54
7417-c,#e04e39
7418-c,#cd545b
7419-c,#b04a5a
7420-c,#9b2242
7421-c,#651d32
182-c,#fabbcb
183-c,#fc9bb3
184-c,#f65275
185-c,#e4002b
186-c,#c8102e
187-c,#a6192e
188-c,#76232f
196-c,#ecc7cd
197-c,#e89cae
198-c,#df4661
199-c,#d50032
200-c,#ba0c2f
201-c,#9d2235
202-c,#862633
189-c,#f8a3bc
190-c,#f67599
191-c,#ef426f
192-c,#e40046
193-c,#bf0d3e
194-c,#9b2743
195-c,#782f40
1895-c,#f5b6cd
1905-c,#f59bbb
1915-c,#ef4a81
1925-c,#e0004d
1935-c,#c5003e
1945-c,#a6093d
1955-c,#8a1538
705-c,#f5dadf
706-c,#f7ced7
707-c,#f9b5c4
708-c,#f890a5
709-c,#ef6079
710-c,#e03e52
711-c,#cb2c30
698-c,#f2d4d7
699-c,#f4c3cc
700-c,#f2acb9
701-c,#e68699
702-c,#d25b73
703-c,#b83a4b
704-c,#9e2a2f
203-c,#ecb3cb
204-c,#e782a9
205-c,#e0457b
206-c,#ce0037
207-c,#a50034
208-c,#861f41
209-c,#6f263d
210-c,#f99fc9
211-c,#f57eb6
212-c,#f04e98
213-c,#e31c79
214-c,#ce0f69
215-c,#ac145a
216-c,#7d2248
7422-c,#f4cdd4
7423-c,#e06287
7424-c,#e24585
7425-c,#b52555
7426-c,#a4123f
7427-c,#971b2f
7428-c,#6a2c3e
7632-c,#d6c9ca
7633-c,#c4a4a7
7634-c,#c16784
7635-c,#c63663
7636-c,#bc204b
7637-c,#912f46
7638-c,#7e2d40
217-c,#eabedb
218-c,#e56db1
219-c,#da1884
220-c,#a50050
221-c,#910048
222-c,#6c1d45
7639-c,#936d73
7640-c,#934054
7641-c,#8e2c48
7642-c,#732e4a
7643-c,#672e45
7644-c,#582d40
7645-c,#502b3a
223-c,#ef95cf
224-c,#eb6fbd
225-c,#df1995
226-c,#d0006f
227-c,#aa0061
228-c,#890c58
229-c,#672146
230-c,#f4a6d7
231-c,#f277c6
232-c,#e93cac
233-c,#c6007e
234-c,#a20067
235-c,#840b55
670-c,#ead3e2
671-c,#e6bcd8
672-c,#dfa0c9
673-c,#d986ba
674-c,#c6579a
675-c,#ae2573
676-c,#960051
677-c,#e5cedb
678-c,#e3c8d8
679-c,#debed2
680-c,#c996b6
681-c,#b06c96
682-c,#994878
683-c,#7c2855
684-c,#e4c6d4
685-c,#dcb6c9
686-c,#d0a1ba
687-c,#be84a3
688-c,#a76389
689-c,#893b67
690-c,#612141
510-c,#ebbecb
509-c,#e8b3c3
508-c,#e4a9bb
507-c,#d592aa
506-c,#84344e
505-c,#6f2c3f
504-c,#572932
7429-c,#e2bccb
7430-c,#dca9bf
7431-c,#c9809e
7432-c,#b55c80
7433-c,#a73a64
7434-c,#9b3259
7435-c,#872651
691-c,#e9cdd0
692-c,#e4bec3
693-c,#d7a3ab
694-c,#c48490
695-c,#b46b7a
696-c,#984856
697-c,#893c47
496-c,#f2c6cf
495-c,#f1bdc8
494-c,#e9a2b2
493-c,#dc8699
492-c,#8f3237
491-c,#7f3035
490-c,#5d2a2c
503-c,#e9c4c7
502-c,#e5bac1
501-c,#daa5ad
500-c,#c6858f
499-c,#7a3e3a
498-c,#6a3735
497-c,#512f2e
5035-c,#dfc2c3
5025-c,#dbb7bb
5015-c,#cca1a6
5005-c,#b07c83
4995-c,#9c6169
4985-c,#874b52
4975-c,#3f2021
236-c,#f1a7dc
237-c,#ec86d0
238-c,#e45dbf
239-c,#db3eb1
240-c,#c5299b
241-c,#af1685
242-c,#80225f
2365-c,#efbae1
2375-c,#e277cd
2385-c,#d539b5
2395-c,#c800a1
2405-c,#b0008e
2415-c,#9e007e
2425-c,#830065
243-c,#eab8e4
244-c,#e59bdc
245-c,#dd7fd3
246-c,#c724b1
247-c,#bb16a3
248-c,#a51890
249-c,#80276c
7646-c,#a56e87
7647-c,#a83d72
7648-c,#991e66
7649-c,#8a1b61
7650-c,#722257
7651-c,#6a2a5b
7652-c,#5e2751
250-c,#e7bae4
251-c,#dd9cdf
252-c,#c964cf
253-c,#ad1aac
254-c,#981d97
255-c,#72246c
517-c,#ebc6df
516-c,#e6bedd
515-c,#e2acd7
514-c,#d48bc8
513-c,#93328e
512-c,#833177
511-c,#612c51
7436-c,#eedaea
7437-c,#ccaed0
7438-c,#d59ed7
7439-c,#b288b9
7440-c,#a277a6
7441-c,#9f5cc0
7442-c,#963cbd
2562-c,#d7a9e3
2572-c,#c98bdb
2582-c,#ac4fc6
2592-c,#9b26b6
2602-c,#87189d
2612-c,#772583
2622-c,#653165
7653-c,#948794
7654-c,#a2789c
7655-c,#a15a95
7656-c,#8e3a80
7657-c,#6e2b62
7658-c,#6a3460
7659-c,#5d3754
524-c,#d5c2d8
523-c,#c9b1d0
522-c,#ba9cc5
521-c,#a57fb2
520-c,#642f6c
519-c,#59315f
518-c,#4b3048
5245-c,#dbcdd3
5235-c,#d0bec7
5225-c,#c6b0bc
5215-c,#af95a6
5205-c,#86647a
5195-c,#66435a
5185-c,#4a3041
5175-c,#d8c8d1
5165-c,#d3c0cd
5155-c,#bfa5b8
5145-c,#9b7793
5135-c,#7e5475
5125-c,#693c5e
5115-c,#512a44
531-c,#dfc8e7
530-c,#d7b9e4
529-c,#caa2dd
528-c,#b580d1
527-c,#8031a7
526-c,#702f8a
525-c,#572c5f
256-c,#d6bfdd
257-c,#c6a1cf
258-c,#8c4799
259-c,#6d2077
260-c,#642667
261-c,#5d285f
262-c,#51284f
2563-c,#cba3d8
2573-c,#b884cb
2583-c,#a05eb5
2593-c,#84329b
2603-c,#702082
2613-c,#671e75
2623-c,#5f2167
7660-c,#9991a4
7661-c,#8d6e97
7662-c,#7a4183
7663-c,#6b3077
7664-c,#653279
7665-c,#5e366e
7666-c,#5c4e63
2567-c,#c1a0da
2577-c,#a77bca
2587-c,#8246af
2597-c,#5c068c
2607-c,#500778
2617-c,#470a68
2627-c,#3c1053
263-c,#d7c6e6
264-c,#c1a7e2
265-c,#9063cd
266-c,#753bbd
267-c,#5f259f
268-c,#582c83
269-c,#512d6d
2635-c,#c5b4e3
2645-c,#ad96dc
2655-c,#9678d3
2665-c,#7d55c7
2685-c,#330072
2695-c,#2e1a47
270-c,#b4b5df
271-c,#9595d2
272-c,#7474c1
273-c,#24135f
274-c,#211551
275-c,#201747
276-c,#221c35
2705-c,#a7a4e0
2715-c,#8b84d7
2725-c,#685bc7
2735-c,#2e008b
2745-c,#280071
2755-c,#250e62
2765-c,#201547
7667-c,#6e7ca0
7668-c,#686e9f
7669-c,#615e9b
7670-c,#565294
7671-c,#514689
7672-c,#4c4184
7673-c,#535486
7443-c,#dddae8
7444-c,#b6b8dc
7445-c,#a7a2c3
7446-c,#8986ca
7447-c,#5d4777
7448-c,#4b384c
7449-c,#41273b
7674-c,#878cb4
7675-c,#7c7fab
7676-c,#7566a0
7677-c,#6f5091
7678-c,#68478d
7679-c,#563d82
7680-c,#523178
663-c,#e5e1e6
664-c,#e0dbe3
665-c,#c6bcd0
666-c,#a192b2
667-c,#7c6992
668-c,#614b79
669-c,#3f2a56
5315-c,#d8d7df
5305-c,#c6c4d2
5295-c,#b3b0c4
5285-c,#8d89a5
5275-c,#595478
5265-c,#403a60
5255-c,#1e1a34
538-c,#c5cfda
537-c,#bbc7d6
536-c,#a2b2c8
535-c,#8e9fbc
534-c,#1b365d
533-c,#1f2a44
532-c,#1c1f2a
7541-c,#d9e1e2
7542-c,#a4bcc2
7543-c,#98a4ae
7544-c,#768692
7545-c,#425563
7546-c,#253746
7547-c,#131e29
552-c,#b9d3dc
551-c,#a3c7d2
550-c,#8db9ca
549-c,#6ba4b8
548-c,#003d4c
547-c,#00313c
546-c,#072b31
5455-c,#bfced6
5445-c,#b7c9d3
5435-c,#a6bbc8
5425-c,#7a99ac
5415-c,#5b7f95
5405-c,#4f758b
5395-c,#081f2c
642-c,#d1dde6
643-c,#c6d6e3
644-c,#9bb8d3
645-c,#7da1c4
646-c,#5e8ab4
647-c,#236192
648-c,#002e5d
649-c,#dbe2e9
650-c,#ced9e5
651-c,#a7bcd6
652-c,#7d9bc1
653-c,#326295
654-c,#003a70
655-c,#002554
656-c,#dde5ed
657-c,#c8d8eb
658-c,#b1c9e8
659-c,#7ba4db
660-c,#407ec9
661-c,#003594
662-c,#001a70
7450-c,#bdc5db
7451-c,#89abe3
7452-c,#8094dd
7453-c,#7ba6de
7454-c,#5f8fb4
7455-c,#3a5dae
7456-c,#606eb2
2706-c,#cbd3eb
2716-c,#9faee5
2726-c,#485cc7
2736-c,#1e22aa
2746-c,#171c8f
2756-c,#151f6d
2766-c,#141b4d
2708-c,#b8ccea
2718-c,#5c88da
2728-c,#0047bb
2738-c,#06038d
2748-c,#001871
2758-c,#001e62
2768-c,#071d49
2707-c,#c3d7ee
2717-c,#a7c6ed
2727-c,#307fe2
2747-c,#001a72
2757-c,#001e60
2767-c,#13294b
277-c,#abcae9
278-c,#8bb8e8
279-c,#418fde
280-c,#012169
281-c,#00205b
282-c,#041e42
283-c,#92c1e9
284-c,#6cace4
285-c,#0072ce
286-c,#0033a0
287-c,#003087
288-c,#002d72
289-c,#0c2340
7681-c,#94a9cb
7682-c,#6787b7
7683-c,#426da9
7684-c,#385e9d
7685-c,#2c5697
7686-c,#1d4f91
7687-c,#1d428a
545-c,#c6dae7
544-c,#bdd6e6
543-c,#a4c8e1
542-c,#7bafd4
541-c,#003c71
540-c,#003057
539-c,#00263a
290-c,#b9d9eb
291-c,#9bcbeb
292-c,#69b3e7
293-c,#003da5
294-c,#002f6c
295-c,#002855
296-c,#041c2c
2905-c,#8dc8e8
2915-c,#62b5e5
2925-c,#009cde
2935-c,#0057b8
2945-c,#004c97
2955-c,#003865
2965-c,#00263e
297-c,#71c5e8
298-c,#41b6e6
299-c,#00a3e0
300-c,#005eb8
301-c,#004b87
302-c,#003b5c
303-c,#002a3a
7688-c,#4698cb
7689-c,#298fc2
7690-c,#0076a8
7691-c,#006298
7692-c,#005587
7693-c,#004976
7694-c,#01426a
2975-c,#99d6ea
2985-c,#5bc2e7
2995-c,#00a9e0
3005-c,#0077c8
3015-c,#00629b
3025-c,#004f71
3035-c,#003e51
7695-c,#7ba7bc
7696-c,#6399ae
7697-c,#4e87a0
7698-c,#41748d
7699-c,#34657f
7700-c,#165c7d
7701-c,#005776
7457-c,#bbdde6
7458-c,#71b2c9
7459-c,#4298b5
7460-c,#0086bf
7461-c,#007dba
7462-c,#00558c
7463-c,#002b49
304-c,#9adbe8
305-c,#59cbe8
306-c,#00b5e2
307-c,#006ba6
308-c,#00587c
309-c,#003b49
635-c,#a4dbe8
636-c,#8bd3e6
637-c,#4ec3e0
638-c,#00afd7
639-c,#0095c8
640-c,#0082ba
641-c,#0067a0
7702-c,#48a9c5
7703-c,#009cbd
7704-c,#0085ad
7705-c,#007096
7706-c,#006a8e
7707-c,#00617f
7708-c,#005670
628-c,#b8dde1
629-c,#9bd3dd
630-c,#77c5d5
631-c,#3eb1c8
632-c,#0093b2
633-c,#007396
634-c,#005f83
310-c,#6ad1e3
311-c,#05c3de
312-c,#00a9ce
313-c,#0092bc
314-c,#007fa3
315-c,#00677f
316-c,#004851
3105-c,#68d2df
3115-c,#00c1d5
3125-c,#00aec7
3135-c,#008eaa
3145-c,#00778b
3155-c,#006272
3165-c,#004f59
7709-c,#63b1bc
7710-c,#00a7b5
7711-c,#0097a9
7712-c,#00859b
7713-c,#007d8a
7714-c,#007680
7715-c,#006269
317-c,#b1e4e3
318-c,#88dbdf
319-c,#2dccd3
320-c,#009ca6
321-c,#008c95
322-c,#007377
323-c,#005f61
7464-c,#a0d1ca
7465-c,#40c1ac
7466-c,#00b0b9
7467-c,#00a3ad
7468-c,#007398
7469-c,#005f86
7470-c,#005a70
7471-c,#7eddd3
7472-c,#5cb8b2
7473-c,#279989
7474-c,#007681
7475-c,#487a7b
7476-c,#0d5257
7477-c,#244c5a
5523-c,#b6cfd0
5513-c,#abc7ca
5503-c,#94b7bb
5493-c,#7fa9ae
5483-c,#4f868e
5473-c,#115e67
5463-c,#07272d
7716-c,#00968f
7717-c,#00857d
7718-c,#007672
7719-c,#006d68
7720-c,#00635b
7721-c,#005e5d
7722-c,#005151
324-c,#9cdbd9
325-c,#64ccc9
326-c,#00b2a9
327-c,#008675
328-c,#007367
329-c,#00685e
330-c,#00534c
3242-c,#71dbd4
3252-c,#2ad2c9
3262-c,#00bfb3
3272-c,#00a499
3282-c,#008578
3292-c,#00594f
3302-c,#004c45
3245-c,#7ce0d3
3255-c,#2cd5c4
3265-c,#00c7b1
3275-c,#00b398
3285-c,#009681
3295-c,#007864
3305-c,#004e42
3248-c,#6dcdb8
3258-c,#49c5b1
3268-c,#00ab8e
3278-c,#009b77
3288-c,#008264
3298-c,#006a52
3308-c,#034638
566-c,#b9dcd2
565-c,#a1d6ca
564-c,#86c8bc
563-c,#6bbbae
562-c,#006f62
561-c,#00594c
560-c,#1d3c34
573-c,#b5e3d8
572-c,#a5dfd3
571-c,#98dbce
570-c,#6bcaba
569-c,#00816d
568-c,#006c5b
567-c,#173f35
559-c,#adcab8
558-c,#9abeaa
557-c,#85b09a
556-c,#6fa287
555-c,#28724f
554-c,#205c40
553-c,#284734
5595-c,#bfcec2
5585-c,#a7bdb1
5575-c,#92aca0
5565-c,#7f9c90
5555-c,#5c7f71
5545-c,#43695b
5535-c,#183028
5665-c,#bac5b9
5655-c,#b0bdb0
5645-c,#a3b2a4
5635-c,#94a596
5625-c,#708573
5615-c,#5e7461
5605-c,#22372b
5527-c,#bcc9c5
5517-c,#b1c0bc
5507-c,#9db0ac
5497-c,#829995
5487-c,#5d7975
5477-c,#3e5d58
5467-c,#18332f
621-c,#d1e0d7
622-c,#b7cdc2
623-c,#9ab9ad
624-c,#789f90
625-c,#507f70
626-c,#285c4d
627-c,#13322b
331-c,#a7e6d7
332-c,#8ce2d0
333-c,#3cdbc0
334-c,#009775
335-c,#007b5f
336-c,#00664f
337-c,#8fd6bd
338-c,#6eceb2
339-c,#00b388
340-c,#00965e
341-c,#007a53
342-c,#006747
343-c,#115740
7723-c,#50a684
7724-c,#00966c
7725-c,#008755
7726-c,#007b4b
7727-c,#006f44
7728-c,#006845
7729-c,#005844
3375-c,#7ae1bf
3385-c,#47d7ac
3395-c,#00c389
3405-c,#00af66
3415-c,#007749
3425-c,#006341
3435-c,#154734
344-c,#a0dab3
345-c,#91d6ac
346-c,#71cc98
347-c,#009a44
348-c,#00843d
349-c,#046a38
350-c,#2c5234
351-c,#a2e4b8
352-c,#8fe2b0
353-c,#80e0a7
354-c,#00b140
355-c,#009639
356-c,#007a33
357-c,#215732
7478-c,#9be3bf
7479-c,#26d07c
7480-c,#00bf6f
7481-c,#00b74f
7482-c,#009f4d
7483-c,#275d38
7484-c,#00573f
7730-c,#4b9560
7731-c,#228848
7732-c,#007a3e
7733-c,#007041
7734-c,#286140
7735-c,#36573b
7736-c,#395542
7737-c,#6ba539
7738-c,#48a23f
7739-c,#319b42
7740-c,#3a913f
7741-c,#44883e
7742-c,#4a773c
7743-c,#44693d
358-c,#addc91
359-c,#a1d884
360-c,#6cc24a
361-c,#43b02a
362-c,#509e2f
363-c,#4c8c2b
364-c,#4a7729
7485-c,#d0debb
7486-c,#bce194
7487-c,#8edd65
7488-c,#78d64b
7489-c,#74aa50
7490-c,#719949
7491-c,#79863c
365-c,#c2e189
366-c,#b7dd79
367-c,#a4d65e
368-c,#78be20
369-c,#64a70b
370-c,#658d1b
371-c,#546223
372-c,#d4eb8e
373-c,#cdea80
374-c,#c5e86c
375-c,#97d700
376-c,#84bd00
377-c,#7a9a01
378-c,#59621d
580-c,#c4d6a4
579-c,#bcd19b
578-c,#b7ce95
577-c,#a9c47f
576-c,#789d4a
575-c,#67823a
574-c,#4e5b31
5807-c,#d0d1ab
5797-c,#c6c89b
5787-c,#babd8b
5777-c,#a2a569
5767-c,#8a8d4a
5757-c,#6d712e
5747-c,#3d441e
5875-c,#d2ce9e
5865-c,#cbc793
5855-c,#c0bb87
5845-c,#afa96e
5835-c,#a09958
5825-c,#89813d
5815-c,#555025
5803-c,#c3c6a8
5793-c,#b3b995
5783-c,#a3aa83
5773-c,#899064
5763-c,#737b4c
5753-c,#5e6738
5743-c,#3e4827
7492-c,#bfcc80
7493-c,#bbc592
7494-c,#9caf88
7495-c,#8f993e
7496-c,#76881d
7497-c,#7a7256
7498-c,#5b6236
7744-c,#babc16
7745-c,#abad23
7746-c,#999b30
7747-c,#888d30
7748-c,#7c8034
7749-c,#727337
7750-c,#656635
379-c,#e2e868
380-c,#dbe442
381-c,#cedc00
382-c,#c4d600
383-c,#a8ad00
384-c,#949300
385-c,#787121
386-c,#e9ec6b
387-c,#e3e935
388-c,#e0e721
389-c,#d0df00
390-c,#b5bd00
391-c,#9a9500
392-c,#827a04
587-c,#e3e48d
586-c,#e0e27c
585-c,#dbde70
584-c,#d2d755
583-c,#b7bf10
582-c,#8e8c13
581-c,#625d20
393-c,#f0ec74
394-c,#ede939
395-c,#ece81a
396-c,#e1e000
397-c,#bfb800
398-c,#ada400
399-c,#a09200
3935-c,#f3ea5d
3945-c,#f3e500
3955-c,#efdf00
3965-c,#eedc00
3975-c,#bba600
3985-c,#9a8700
3995-c,#685c20
600-c,#f1eb9c
601-c,#f0e991
602-c,#f0e87b
603-c,#ede04b
604-c,#eada24
605-c,#e1cd00
606-c,#cfb500
607-c,#ebe49a
608-c,#e9e186
609-c,#e6de77
610-c,#e1d555
611-c,#d7c826
612-c,#c4b000
613-c,#b39b00
461-c,#e9df97
460-c,#e4d77e
459-c,#decd63
458-c,#d9c756
457-c,#b89d18
456-c,#a28e2a
455-c,#695b24
614-c,#dcd59a
615-c,#d6cf8d
616-c,#d0c883
617-c,#c0b561
618-c,#ac9f3c
619-c,#9f912a
620-c,#8a7b19
7751-c,#cab64b
7752-c,#cfb023
7753-c,#c1a01e
7754-c,#a08629
7755-c,#897630
7756-c,#736635
7757-c,#675e33
7758-c,#d4c304
7759-c,#c4b200
7760-c,#91852c
7761-c,#747136
7762-c,#5d6439
7763-c,#585c3b
7764-c,#535435
7765-c,#bbb323
7766-c,#b4a91f
7767-c,#aa9d2e
7768-c,#8f7e35
7769-c,#716135
7770-c,#635939
7771-c,#4e4934
4545-c,#d5cb9f
4535-c,#cfc493
4525-c,#c5b783
4515-c,#b3a369
4505-c,#998542
4495-c,#8c7732
4485-c,#614f25
454-c,#cac7a7
453-c,#bfbb98
452-c,#b0aa7e
451-c,#9b945f
450-c,#594a25
449-c,#524727
448-c,#4a412a
7499-c,#f1e6b2
7500-c,#dfd1a7
7501-c,#d9c89e
7502-c,#ceb888
7503-c,#a89968
7504-c,#94795d
7505-c,#816040
468-c,#ddcba4
467-c,#d3bc8d
466-c,#c6aa76
465-c,#b9975b
464-c,#8b5b29
463-c,#744f28
462-c,#5c462b
7506-c,#efdbb2
7507-c,#fcd299
7508-c,#e1b87f
7509-c,#d6a461
7510-c,#c6893f
7511-c,#b77729
7512-c,#a6631b
719-c,#edc8a3
720-c,#e7b78a
721-c,#dda46f
722-c,#c88242
723-c,#b36924
724-c,#934d11
725-c,#7d3f16
475-c,#f3cfb3
474-c,#f1c6a7
473-c,#f0bf9b
472-c,#e59e6d
471-c,#b86125
470-c,#a45a2a
469-c,#693f23
726-c,#e0c09f
727-c,#d9b48f
728-c,#cda077
729-c,#b58150
730-c,#9e652e
731-c,#774212
732-c,#623412
4685-c,#e0c6ad
4675-c,#dcbfa6
4665-c,#cda788
4655-c,#bf9474
4645-c,#ad7c59
4635-c,#946037
4625-c,#4f2c1d
7513-c,#e1b7a7
7514-c,#d5a286
7515-c,#c58b68
7516-c,#99552b
7517-c,#85431e
7518-c,#6d4f47
7519-c,#5e4b3c
4755-c,#d7c4b7
4745-c,#cdb5a7
4735-c,#c0a392
4725-c,#ae8a79
4715-c,#956c58
4705-c,#7c4d3a
4695-c,#5b3427
482-c,#dbc8b6
481-c,#d3bba8
480-c,#c6a992
479-c,#aa8066
478-c,#703f2a
477-c,#623b2a
476-c,#4e3629
7527-c,#d6d2c4
7528-c,#c5b9ac
7529-c,#b7a99a
7530-c,#a39382
7531-c,#7a6855
7532-c,#63513d
7533-c,#473729
7534-c,#d1ccbd
7535-c,#b7b09c
7536-c,#a69f88
7537-c,#a7aca2
7538-c,#949a90
7539-c,#8e9089
7540-c,#4b4f54
427-c,#d0d3d4
428-c,#c1c6c8
429-c,#a2aaad
430-c,#7c878e
431-c,#5b6770
432-c,#333f48
433-c,#1d252d
420-c,#c7c9c7
421-c,#b2b4b2
422-c,#9ea2a2
423-c,#898d8d
424-c,#707372
425-c,#54585a
426-c,#25282a
441-c,#bec6c4
442-c,#a2acab
443-c,#919d9d
444-c,#717c7d
445-c,#505759
446-c,#3f4444
447-c,#373a36
413-c,#babbb1
414-c,#a8a99e
415-c,#919388
416-c,#7e7f74
417-c,#65665c
418-c,#51534a
419-c,#212322
400-c,#c4bfb6
401-c,#afa9a0
402-c,#9d968d
403-c,#8c857b
404-c,#776e64
405-c,#696158
406-c,#c4bcb7
407-c,#b2a8a2
408-c,#978c87
409-c,#857874
410-c,#746661
411-c,#5e514d
412-c,#382f2d
434-c,#d0c4c5
435-c,#c1b2b6
436-c,#ab989d
437-c,#7b6469
438-c,#584446
439-c,#453536
440-c,#382e2c
warm-gray-1-c,#d7d2cb
warm-gray-2-c,#cbc4bc
warm-gray-3-c,#bfb8af
warm-gray-4-c,#b6ada5
warm-gray-5-c,#aca39a
warm-gray-6-c,#a59c94
warm-gray-7-c,#968c83
warm-gray-8-c,#8c8279
warm-gray-9-c,#83786f
warm-gray-10-c,#796e65
warm-gray-11-c,#6e6259
cool-gray-1-c,#d9d9d6
cool-gray-2-c,#d0d0ce
cool-gray-3-c,#c8c9c7
cool-gray-4-c,#bbbcbc
cool-gray-5-c,#b1b3b3
cool-gray-6-c,#a7a8aa
cool-gray-7-c,#97999b
cool-gray-8-c,#888b8d
cool-gray-9-c,#75787b
cool-gray-10-c,#63666a
cool-gray-11-c,#53565a
black-2-c,#332f21
black-3-c,#212721
black-4-c,#31261d
black-5-c,#3e2b2e
black-6-c,#101820
black-7-c,#3d3935
yellow-c,#fedd00
yellow-012-c,#ffd700
orange-021-c,#fe5000
warm-red-c,#f9423a
red-032-c,#ef3340
rubine-red-c,#ce0058
rhodamine-red-c,#e10098
purple-c,#bb29bb
violet-c,#440099
blue-072-c,#10069f
reflex-blue-c,#001489
process-blue-c,#0085ca
green-c,#00ab84
black-c,#2d2926
yellow-0131-c,#f2f0a1
red-0331-c,#fcaebb
magenta-0521-c,#f1b2dc
violet-0631-c,#bf9bde
blue-0821-c,#74d1ea
green-0921-c,#9de7d7
black-0961-c,#9e978e
801-c,#009ace
802-c,#44d62c
803-c,#ffe900
804-c,#ffaa4d
805-c,#ff7276
806-c,#ff3eb5
807-c,#ea27c2
871-c,#84754e
872-c,#85714d
873-c,#866d4b
874-c,#8b6f4e
875-c,#87674f
876-c,#8b634b
877-c,#8a8d8f
medium-yellow-c,#ffd900
bright-orange-c,#ff5e00
bright-red-c,#f93822
strong-red-c,#ce0056
pink-c,#d62598
medium-purple-c,#4e008e
dark-blue-c,#00239c
medium-blue-c,#0084ca
bright-green-c,#00b08b
neutral-black-c,#222223